<?xml version="1.0" encoding="UTF-8"?>
<project-private xmlns="http://www.netbeans.org/ns/project-private/1">
    <open-files xmlns="http://www.netbeans.org/ns/projectui-open-files/2">
        <group>
            <file>file:/C:/Users/S541312/Documents/NetBeansProjects/midExam/src/loan/loan.java</file>
            <file>file:/C:/Users/S541312/Documents/NetBeansProjects/midExam/src/MinSales/MinSales.java</file>
            <file>file:/C:/Users/S541312/Documents/NetBeansProjects/midExam/src/combinations/combinations.java</file>
            <file>file:/C:/Users/S541312/Documents/NetBeansProjects/midExam/src/Fan/FanDriver.java</file>
            <file>file:/C:/Users/S541312/Documents/NetBeansProjects/midExam/src/creditcardchecker/CreditCardChecker.java</file>
            <file>file:/C:/Users/S541312/Documents/NetBeansProjects/midExam/src/pentagon/pentagon.java</file>
            <file>file:/C:/Users/S541312/Documents/NetBeansProjects/midExam/src/Math/mathDriver.java</file>
            <file>file:/C:/Users/S541312/Documents/NetBeansProjects/midExam/src/grtCircle/cirlce.java</file>
            <file>file:/C:/Users/S541312/Documents/NetBeansProjects/midExam/src/Fan/fan.java</file>
            <file>file:/C:/Users/S541312/Documents/NetBeansProjects/midExam/src/SSN/SSNDriver.java</file>
            <file>file:/C:/Users/S541312/Documents/NetBeansProjects/midExam/src/rect/rectDriver.java</file>
            <file>file:/C:/Users/S541312/Documents/NetBeansProjects/midExam/src/GeoCalender/calender.java</file>
            <file>file:/C:/Users/S541312/Documents/NetBeansProjects/midExam/src/string14/string.java</file>
            <file>file:/C:/Users/S541312/Documents/NetBeansProjects/midExam/src/loan/loanDriver.java</file>
            <file>file:/C:/Users/S541312/Documents/NetBeansProjects/midExam/src/rect/Rectangle.java</file>
        </group>
    </open-files>
</project-private>
